{
  "classes": {
    "brown": {
      "n": 601,
      "chrom_mean": [
        0.4798282980918884,
        0.3002983629703522,
        0.21987439692020416
      ],
      "chrom_std": [
        0.03936861455440521,
        0.01662791520357132,
        0.048419173806905746
      ],
      "bright_mean": 66.7628402709961,
      "bright_std": 5.724446773529053
    },
    "black": {
      "n": 532,
      "chrom_mean": [
        0.6021039485931396,
        0.3171629011631012,
        0.08073320984840393
      ],
      "chrom_std": [
        0.0224063228815794,
        0.007957104593515396,
        0.027250956743955612
      ],
      "bright_mean": 50.54780197143555,
      "bright_std": 3.9904885292053223
    },
    "green": {
      "n": 55,
      "chrom_mean": [
        0.4440917372703552,
        0.5413482189178467,
        0.014560043811798096
      ],
      "chrom_std": [
        0.01433463953435421,
        0.024645671248435974,
        0.01157507486641407
      ],
      "bright_mean": 88.10596466064453,
      "bright_std": 10.14437198638916
    },
    "red": {
      "n": 123,
      "chrom_mean": [
        0.3880232870578766,
        0.1856708973646164,
        0.42630574107170105
      ],
      "chrom_std": [
        0.015979357063770294,
        0.014997826889157295,
        0.0298507921397686
      ],
      "bright_mean": 76.12236785888672,
      "bright_std": 3.514045238494873
    },
    "purple": {
      "n": 77,
      "chrom_mean": [
        0.7752211093902588,
        0.21175555884838104,
        0.013023421168327332
      ],
      "chrom_std": [
        0.021297158673405647,
        0.014256240800023079,
        0.009865746833384037
      ],
      "bright_mean": 49.2727165222168,
      "bright_std": 1.1102464199066162
    },
    "yellow": {
      "n": 77,
      "chrom_mean": [
        0.41115206480026245,
        0.4983845055103302,
        0.09046328812837601
      ],
      "chrom_std": [
        0.036821361631155014,
        0.02131418138742447,
        0.03309009224176407
      ],
      "bright_mean": 105.08103942871094,
      "bright_std": 11.39084529876709
    },
    "gold": {
      "n": 37,
      "chrom_mean": [
        0.40534672141075134,
        0.3510783612728119,
        0.24357491731643677
      ],
      "chrom_std": [
        0.02350943349301815,
        0.006786972284317017,
        0.02650662139058113
      ],
      "bright_mean": 146.63255310058594,
      "bright_std": 11.007163047790527
    },
    "orange": {
      "n": 158,
      "chrom_mean": [
        0.3136765956878662,
        0.2967498004436493,
        0.38957351446151733
      ],
      "chrom_std": [
        0.03427901491522789,
        0.00971413403749466,
        0.04143955931067467
      ],
      "bright_mean": 108.69397735595703,
      "bright_std": 10.307095527648926
    }
  },
  "notes": "Computed from your pipeline's band ROIs (median BGR -> chrom + brightness)."
}