{
  "classes": {
    "brown": {
      "n": 10,
      "chrom_mean": [
        0.5244386196136475,
        0.30310794711112976,
        0.17245343327522278
      ],
      "chrom_std": [
        0.02690264582633972,
        0.012099356390535831,
        0.025169996544718742
      ],
      "bright_mean": 74.48719787597656,
      "bright_std": 6.14642333984375
    },
    "gold": {
      "n": 1,
      "chrom_mean": [
        0.46568626165390015,
        0.343137264251709,
        0.19117647409439087
      ],
      "chrom_std": [
        9.999999747378752e-05,
        9.999999747378752e-05,
        9.999999747378752e-05
      ],
      "bright_mean": 127.16199493408203,
      "bright_std": 9.999999747378752e-05
    },
    "black": {
      "n": 8,
      "chrom_mean": [
        0.6581708192825317,
        0.3116757273674011,
        0.030153462663292885
      ],
      "chrom_std": [
        0.014233237132430077,
        0.00470907473936677,
        0.011856726370751858
      ],
      "bright_mean": 52.66999816894531,
      "bright_std": 2.8762624263763428
    },
    "orange": {
      "n": 2,
      "chrom_mean": [
        0.3285709619522095,
        0.29756927490234375,
        0.3738597631454468
      ],
      "chrom_std": [
        0.0035343600902706385,
        0.005319563671946526,
        0.008753908798098564
      ],
      "bright_mean": 120.25775146484375,
      "bright_std": 2.022850751876831
    },
    "green": {
      "n": 1,
      "chrom_mean": [
        0.4555160105228424,
        0.5160142183303833,
        0.02846975065767765
      ],
      "chrom_std": [
        9.999999747378752e-05,
        9.999999747378752e-05,
        9.999999747378752e-05
      ],
      "bright_mean": 102.09900665283203,
      "bright_std": 9.999999747378752e-05
    },
    "red": {
      "n": 1,
      "chrom_mean": [
        0.4526315927505493,
        0.20701754093170166,
        0.340350866317749
      ],
      "chrom_std": [
        9.999999747378752e-05,
        9.999999747378752e-05,
        9.999999747378752e-05
      ],
      "bright_mean": 78.34200286865234,
      "bright_std": 9.999999747378752e-05
    },
    "purple": {
      "n": 1,
      "chrom_mean": [
        0.8255318999290466,
        0.17446808516979218,
        0.0
      ],
      "chrom_std": [
        9.999999747378752e-05,
        9.999999747378752e-05,
        9.999999747378752e-05
      ],
      "bright_mean": 46.18299865722656,
      "bright_std": 9.999999747378752e-05
    },
    "yellow": {
      "n": 1,
      "chrom_mean": [
        0.4587458670139313,
        0.5049505233764648,
        0.03630363196134567
      ],
      "chrom_std": [
        9.999999747378752e-05,
        9.999999747378752e-05,
        9.999999747378752e-05
      ],
      "bright_mean": 108.94600677490234,
      "bright_std": 9.999999747378752e-05
    }
  },
  "notes": "Computed from your pipeline's band ROIs (median BGR -> chrom + brightness)."
}