{
  "centroids_norm": {
    "brown": [
      0.4852941036224365,
      0.30514705181121826,
      0.20955882966518402
    ],
    "black": [
      0.6610169410705566,
      0.31073445081710815,
      0.028248587623238564
    ],
    "orange": [
      0.3252032399177551,
      0.2981029748916626,
      0.3766937553882599
    ],
    "green": [
      0.4555160105228424,
      0.5160142183303833,
      0.02846975065767765
    ],
    "gold": [
      0.6689655184745789,
      0.317241370677948,
      0.013793103396892548
    ],
    "yellow": [
      0.4852941036224365,
      0.30514705181121826,
      0.20955882966518402
    ],
    "purple": [
      0.5062240958213806,
      0.28630706667900085,
      0.2074688822031021
    ]
  }
}